{
	"credit": "Made with Blockbench",
	"texture_size":[64,64],
	"textures": {
		"2": "entity/test"
	},
	"elements": [
		{
			"name": "Head",
			"from": [4, 24, 4],
			"to": [12, 32, 12],
			"faces": {
				"north": {"uv": [2, 2, 4, 4], "texture": "#2"},
				"east": {"uv": [0, 2, 2, 4], "texture": "#2"},
				"south": {"uv": [6, 2, 8, 4], "texture": "#2"},
				"west": {"uv": [4, 2, 6, 4], "texture": "#2"},
				"up": {"uv": [4, 2, 2, 0], "texture": "#2"},
				"down": {"uv": [6, 0, 4, 2], "texture": "#2"}
			}
		},
		{
			"name": "Body",
			"from": [4, 12, 6],
			"to": [12, 24, 10],
			"faces": {
				"north": {"uv": [5, 5, 7, 8], "texture": "#2"},
				"east": {"uv": [4, 5, 5, 8], "texture": "#2"},
				"south": {"uv": [8, 5, 10, 8], "texture": "#2"},
				"west": {"uv": [7, 5, 8, 8], "texture": "#2"},
				"up": {"uv": [7, 5, 5, 4], "texture": "#2"},
				"down": {"uv": [9, 4, 7, 5], "texture": "#2"}
			}
		},
		{
			"name": "Body Layer",
			"from": [-4.25, 11.75, -2.25],
			"to": [4.25, 24.25, 2.25],
			"faces": {
				"north": {"uv": [5, 9, 7, 12], "texture": "#2"},
				"east": {"uv": [4, 9, 5, 12], "texture": "#2"},
				"south": {"uv": [8, 9, 10, 12], "texture": "#2"},
				"west": {"uv": [7, 9, 8, 12], "texture": "#2"},
				"up": {"uv": [7, 9, 5, 8], "texture": "#2"},
				"down": {"uv": [9, 8, 7, 9], "texture": "#2"}
			}
		},
		{
			"name": "Right Arm",
			"from": [12, 12, 6],
			"to": [16, 24, 10],
			"faces": {
				"north": {"uv": [11, 5, 12, 8], "texture": "#2"},
				"east": {"uv": [10, 5, 11, 8], "texture": "#2"},
				"south": {"uv": [13, 5, 14, 8], "texture": "#2"},
				"west": {"uv": [12, 5, 13, 8], "texture": "#2"},
				"up": {"uv": [12, 5, 11, 4], "texture": "#2"},
				"down": {"uv": [13, 4, 12, 5], "texture": "#2"}
			}
		},
		{
			"name": "Right Arm Layer",
			"from": [3.75, 11.75, -2.25],
			"to": [8.25, 24.25, 2.25],
			"faces": {
				"north": {"uv": [11, 9, 12, 12], "texture": "#missing"},
				"east": {"uv": [10, 9, 11, 12], "texture": "#missing"},
				"south": {"uv": [13, 9, 14, 12], "texture": "#missing"},
				"west": {"uv": [12, 9, 13, 12], "texture": "#missing"},
				"up": {"uv": [12, 9, 11, 8], "texture": "#missing"},
				"down": {"uv": [13, 8, 12, 9], "texture": "#missing"}
			}
		},
		{
			"name": "Left Arm",
			"from": [0, 12, 6],
			"to": [4, 24, 10],
			"faces": {
				"north": {"uv": [9, 13, 10, 16], "texture": "#2"},
				"east": {"uv": [8, 13, 9, 16], "texture": "#2"},
				"south": {"uv": [11, 13, 12, 16], "texture": "#2"},
				"west": {"uv": [10, 13, 11, 16], "texture": "#2"},
				"up": {"uv": [10, 13, 9, 12], "texture": "#2"},
				"down": {"uv": [11, 12, 10, 13], "texture": "#2"}
			}
		},
		{
			"name": "Left Arm Layer",
			"from": [-8.25, 11.75, -2.25],
			"to": [-3.75, 24.25, 2.25],
			"faces": {
				"north": {"uv": [13, 13, 14, 16], "texture": "#missing"},
				"east": {"uv": [12, 13, 13, 16], "texture": "#missing"},
				"south": {"uv": [15, 13, 16, 16], "texture": "#missing"},
				"west": {"uv": [14, 13, 15, 16], "texture": "#missing"},
				"up": {"uv": [14, 13, 13, 12], "texture": "#missing"},
				"down": {"uv": [15, 12, 14, 13], "texture": "#missing"}
			}
		},
		{
			"name": "Right Leg",
			"from": [7.9, 0, 6],
			"to": [11.9, 12, 10],
			"faces": {
				"north": {"uv": [1, 5, 2, 8], "texture": "#2"},
				"east": {"uv": [0, 5, 1, 8], "texture": "#2"},
				"south": {"uv": [3, 5, 4, 8], "texture": "#2"},
				"west": {"uv": [2, 5, 3, 8], "texture": "#2"},
				"up": {"uv": [2, 5, 1, 4], "texture": "#2"},
				"down": {"uv": [3, 4, 2, 5], "texture": "#2"}
			}
		},
		{
			"name": "Right Leg Layer",
			"from": [-0.35, -0.25, -2.25],
			"to": [4.15, 12.25, 2.25],
			"faces": {
				"north": {"uv": [1, 9, 2, 12], "texture": "#missing"},
				"east": {"uv": [0, 9, 1, 12], "texture": "#missing"},
				"south": {"uv": [3, 9, 4, 12], "texture": "#missing"},
				"west": {"uv": [2, 9, 3, 12], "texture": "#missing"},
				"up": {"uv": [2, 9, 1, 8], "texture": "#missing"},
				"down": {"uv": [3, 8, 2, 9], "texture": "#missing"}
			}
		},
		{
			"name": "Left Leg",
			"from": [4.1, 0, 6],
			"to": [8.1, 12, 10],
			"faces": {
				"north": {"uv": [6, 13, 7, 16], "texture": "#2"},
				"east": {"uv": [6, 13, 7, 16], "texture": "#2"},
				"south": {"uv": [6, 13, 7, 16], "texture": "#2"},
				"west": {"uv": [6, 13, 7, 16], "texture": "#2"},
				"up": {"uv": [6, 13, 7, 16], "texture": "#2"},
				"down": {"uv": [6, 13, 7, 16], "texture": "#2"}
			}
		},
		{
			"name": "Left Leg Layer",
			"from": [-4.15, -0.25, -2.25],
			"to": [0.35, 12.25, 2.25],
			"faces": {
				"north": {"uv": [2, 13, 3, 16], "texture": "#missing"},
				"east": {"uv": [2, 13, 3, 16], "texture": "#missing"},
				"south": {"uv": [2, 13, 3, 16], "texture": "#2"},
				"west": {"uv": [2, 13, 3, 16], "texture": "#2"},
				"up": {"uv": [2, 13, 3, 16], "texture": "#missing"},
				"down": {"uv": [2, 13, 3, 16], "texture": "#missing"}
			}
		}
	],
	"groups": [
		{
			"name": "bone",
			"origin": [0, 0, 0],
			"color": 0,
			"children": []
		},
		{
			"name": "Head",
			"origin": [0, 24, 0],
			"color": 0,
			"children": [0]
		},
		{
			"name": "Body",
			"origin": [0, 24, 0],
			"color": 0,
			"children": [1, 2]
		},
		{
			"name": "RightArm",
			"origin": [5, 22, 0],
			"color": 0,
			"children": [3, 4]
		},
		{
			"name": "LeftArm",
			"origin": [-5, 22, 0],
			"color": 0,
			"children": [5, 6]
		},
		{
			"name": "RightLeg",
			"origin": [1.9, 12, 0],
			"rotation": [0, 0, 0],
			"color": 0,
			"children": [7, 8]
		},
		{
			"name": "LeftLeg",
			"origin": [-1.9, 12, 0],
			"color": 0,
			"children": [9, 10]
		}
	]
}